angle_deg,input_pitch,input_yaw,input_roll,avg_wx,avg_wy,avg_wz,avg_local_roll,avg_local_pitch,avg_local_yaw,max_mag
90.0,0.0,1.0,-1.0,5.132410049438477,-0.7304099798202515,1.8369100093841553,4.748533772427745,0.000146002818569135,2.7750309644352638,5.499942730317633
67.4858873511825,0.383,0.924,-1.0,5.079909801483154,-1.490209937095642,1.4910099506378174,4.798806867170586,-0.9691170044057107,2.5063089696873107,5.499938174263798
45.0,0.707,0.707,-1.0,5.0445098876953125,-2.05610990524292,0.7581586790712256,4.766191760225172,-2.159285323890469,1.694218214006658,5.499959123367488
22.514112648817505,0.924,0.383,-1.0,4.960909843444824,-2.3730099201202393,-0.08619666397571564,4.559404474024315,-2.9872335854045344,0.7331429303257009,5.499931997010824
0.0,1.0,0.0,-1.0,4.861109733581543,-2.4424099922180176,-0.8082586785680369,4.441239566788512,-3.244137377874067,-0.000353565969541715,5.499919946990592
